{"cameraMode":{"drawMode":0,"name":"Shaded","section":"Shading Mode"},"sceneLighting":true,"audioPlay":false,"sceneViewState":{"showFog":true,"showMaterialUpdate":false,"showSkybox":false,"showFlares":true,"showImageEffects":true,"showParticleSystems":true,"showVisualEffectGraphs":true,"m_FxEnabled":true},"in2DMode":false,"pivot":{"x":-8.448058128356934,"y":1.308164119720459,"z":17.17280387878418},"rotation":{"x":0.057784564793109897,"y":-0.37529462575912478,"z":0.023442909121513368,"w":0.9248172044754028},"size":12.976729393005371,"orthographic":false}