{"cameraMode":{"drawMode":0,"name":"Shaded","section":"Shading Mode"},"sceneLighting":false,"audioPlay":false,"sceneViewState":{"showFog":true,"showMaterialUpdate":false,"showSkybox":false,"showFlares":true,"showImageEffects":true,"showParticleSystems":true,"showVisualEffectGraphs":true,"m_FxEnabled":true},"in2DMode":false,"pivot":{"x":-0.9954848289489746,"y":0.6624116897583008,"z":0.28240108489990237},"rotation":{"x":-0.2744109332561493,"y":0.05277062952518463,"z":-0.015066579915583134,"w":-0.9600749611854553},"size":6.300044536590576,"orthographic":false}