{"cameraMode":{"drawMode":0,"name":"Shaded","section":"Shading Mode"},"sceneLighting":true,"audioPlay":false,"sceneViewState":{"showFog":true,"showMaterialUpdate":false,"showSkybox":false,"showFlares":true,"showImageEffects":true,"showParticleSystems":true,"showVisualEffectGraphs":true,"m_FxEnabled":true},"in2DMode":false,"pivot":{"x":2.283731698989868,"y":2.4245126247406008,"z":21.953840255737306},"rotation":{"x":0.3862237334251404,"y":-0.038722120225429538,"z":0.016237419098615648,"w":0.9214635491371155},"size":1.7754812240600587,"orthographic":false}