{"cameraMode":{"drawMode":0,"name":"Shaded","section":"Shading Mode"},"sceneLighting":true,"audioPlay":false,"sceneViewState":{"showFog":true,"showMaterialUpdate":false,"showSkybox":true,"showFlares":true,"showImageEffects":true,"showParticleSystems":true,"showVisualEffectGraphs":true,"m_FxEnabled":true},"in2DMode":false,"pivot":{"x":559.9650268554688,"y":332.23089599609377,"z":-296.689453125},"rotation":{"x":-0.043489355593919757,"y":-0.0009079307201318443,"z":0.00005576966213993728,"w":-0.9990777969360352},"size":125.3343505859375,"orthographic":false}