{"cameraMode":{"drawMode":0,"name":"Shaded","section":"Shading Mode"},"sceneLighting":true,"audioPlay":false,"sceneViewState":{"showFog":true,"showMaterialUpdate":false,"showSkybox":true,"showFlares":true,"showImageEffects":true,"showParticleSystems":true,"showVisualEffectGraphs":true,"m_FxEnabled":true},"in2DMode":false,"pivot":{"x":407.16754150390627,"y":186.1341552734375,"z":-120.64797973632813},"rotation":{"x":-0.05427500233054161,"y":-0.005702978000044823,"z":-0.0003612894215621054,"w":0.9985479712486267},"size":148.80807495117188,"orthographic":false}