{"cameraMode":{"drawMode":0,"name":"Shaded","section":"Shading Mode"},"sceneLighting":true,"audioPlay":false,"sceneViewState":{"showFog":true,"showMaterialUpdate":false,"showSkybox":false,"showFlares":true,"showImageEffects":true,"showParticleSystems":true,"showVisualEffectGraphs":true,"m_FxEnabled":true},"in2DMode":false,"pivot":{"x":-6.088586807250977,"y":-0.3561129570007324,"z":21.751605987548829},"rotation":{"x":0.012046604417264462,"y":-0.8646246194839478,"z":0.020754972472786905,"w":0.5018454790115356},"size":6.979340553283691,"orthographic":false}