{"cameraMode":{"drawMode":0,"name":"Shaded","section":"Shading Mode"},"sceneLighting":false,"audioPlay":false,"sceneViewState":{"showFog":true,"showMaterialUpdate":false,"showSkybox":false,"showFlares":true,"showImageEffects":true,"showParticleSystems":true,"showVisualEffectGraphs":true,"m_FxEnabled":true},"in2DMode":false,"pivot":{"x":-0.1280757188796997,"y":0.24069595336914063,"z":-0.10937190055847168},"rotation":{"x":0.3052908778190613,"y":0.44790494441986086,"z":-0.16599129140377046,"w":0.8238007426261902},"size":1.8663415908813477,"orthographic":false}