{"cameraMode":{"drawMode":0,"name":"Shaded","section":"Shading Mode"},"sceneLighting":true,"audioPlay":false,"sceneViewState":{"showFog":true,"showMaterialUpdate":false,"showSkybox":false,"showFlares":true,"showImageEffects":true,"showParticleSystems":true,"showVisualEffectGraphs":true,"m_FxEnabled":true},"in2DMode":false,"pivot":{"x":-6.5623626708984379,"y":0.5342371463775635,"z":31.153831481933595},"rotation":{"x":0.15660959482192994,"y":-0.5387433767318726,"z":0.10271407663822174,"w":0.8214012980461121},"size":3.9827029705047609,"orthographic":false}