{"cameraMode":{"drawMode":0,"name":"Shaded","section":"Shading Mode"},"sceneLighting":true,"audioPlay":false,"sceneViewState":{"showFog":true,"showMaterialUpdate":false,"showSkybox":false,"showFlares":true,"showImageEffects":true,"showParticleSystems":true,"showVisualEffectGraphs":true,"m_FxEnabled":true},"in2DMode":false,"pivot":{"x":3.3847570419311525,"y":0.04597878456115723,"z":-22.112567901611329},"rotation":{"x":0.09874308854341507,"y":0.7016221284866333,"z":-0.09915845841169357,"w":0.6986795663833618},"size":6.065896511077881,"orthographic":false}