{"cameraMode":{"drawMode":0,"name":"Shaded","section":"Shading Mode"},"sceneLighting":false,"audioPlay":false,"sceneViewState":{"showFog":true,"showMaterialUpdate":false,"showSkybox":false,"showFlares":true,"showImageEffects":true,"showParticleSystems":true,"showVisualEffectGraphs":true,"m_FxEnabled":true},"in2DMode":false,"pivot":{"x":0.25466787815093996,"y":0.08839154243469238,"z":-0.2822328805923462},"rotation":{"x":0.3052908778190613,"y":0.44790494441986086,"z":-0.16599129140377046,"w":0.8238007426261902},"size":1.2980692386627198,"orthographic":false}