{"cameraMode":{"drawMode":0,"name":"Shaded","section":"Shading Mode"},"sceneLighting":true,"audioPlay":false,"sceneViewState":{"showFog":true,"showMaterialUpdate":false,"showSkybox":false,"showFlares":true,"showImageEffects":true,"showParticleSystems":true,"showVisualEffectGraphs":true,"m_FxEnabled":true},"in2DMode":false,"pivot":{"x":-0.0004400797188282013,"y":0.014761551283299923,"z":-0.00003482401371002197},"rotation":{"x":-0.2218441516160965,"y":-0.6100605130195618,"z":0.18330247700214387,"w":-0.7382691502571106},"size":0.06928203254938126,"orthographic":false}